<?xml version="1.0" encoding="UTF-8"?>
<taxa label='Untitled TAXA Block 1' >
 <taxon src='Minuartia obtusiloba 13565' dest='Minuartia_obtusiloba_13565' />
 <taxon src='Minuartia nuttallii 13544' dest='Minuartia_nuttallii_13544' />
 <taxon src='Minuartia obtusiloba 14705' dest='Minuartia_obtusiloba_14705' />
 <taxon src='Minuartia nuttallii 14305' dest='Minuartia_nuttallii_14305' />
 <taxon src='Silene acaulis 13555' dest='Silene_acaulis_13555' />
 <taxon src='Eremogone aculeata 14663' dest='Eremogone_aculeata_14663' />
 <taxon src='Eremogone congesta 14670' dest='Eremogone_congesta_14670' />
 <taxon src='Cerastium beeringianum 14628' dest='Cerastium_beeringianum_14628' />
 <taxon src='Eremogone aculeata 14438' dest='Eremogone_aculeata_14438' />
 <taxon src='Potentilla brevifolia 14015' dest='Potentilla_brevifolia_14015' />
 <taxon src='Potentilla brevifolia 14328' dest='Potentilla_brevifolia_14328' />
 <taxon src='Ivesia gordonii 13559' dest='Ivesia_gordonii_13559' />
 <taxon src='Ivesia gordonii 14664' dest='Ivesia_gordonii_14664' />
 <taxon src='Potentilla glaucophylla var glaucophylla 14593' dest='Potentilla_glaucophylla_var_glaucophylla_14593' />
 <taxon src='Potentilla glaucophylla var glaucophylla 14426' dest='Potentilla_glaucophylla_var_glaucophylla_14426' />
 <taxon src='Sibbaldia procumbens 13574' dest='Sibbaldia_procumbens_13574' />
 <taxon src='Potentilla glaucophylla var glaucophylla 14651' dest='Potentilla_glaucophylla_var_glaucophylla_14651' />
 <taxon src='Sibbaldia procumbens 14425' dest='Sibbaldia_procumbens_14425' />
 <taxon src='Potentilla glandulosa 14405' dest='Potentilla_glandulosa_14405' />
 <taxon src='Potentilla glandulosa 14442' dest='Potentilla_glandulosa_14442' />
 <taxon src='Anemone drummondii var drummondii 13562' dest='Anemone_drummondii_var_drummondii_13562' />
 <taxon src='Anemone drummondii 14682' dest='Anemone_drummondii_14682' />
 <taxon src='Anemone drummondii 14309' dest='Anemone_drummondii_14309' />
 <taxon src='Ranunculus eschscholtzii var eschscholtzii 14027' dest='Ranunculus_eschscholtzii_var_eschscholtzii_14027' />
 <taxon src='Cassiope mertensiana var gracilis 14022' dest='Cassiope_mertensiana_var_gracilis_14022' />
 <taxon src='Cassiope mertensiana var gracilis 14646' dest='Cassiope_mertensiana_var_gracilis_14646' />
 <taxon src='Cassiope mertensiana var gracilis 14292' dest='Cassiope_mertensiana_var_gracilis_14292' />
 <taxon src='Phyllodoce glanduliflora 14023' dest='Phyllodoce_glanduliflora_14023' />
 <taxon src='Phyllodoce empetriformis 14021' dest='Phyllodoce_empetriformis_14021' />
 <taxon src='Phyllodoce empetriformis 14291' dest='Phyllodoce_empetriformis_14291' />
 <taxon src='Phyllodoce empetriformis 14422' dest='Phyllodoce_empetriformis_14422' />
 <taxon src='Unknown 14219' dest='Unknown_14219' />
 <taxon src='Sedum lanceolatum var lanceolatum 13576' dest='Sedum_lanceolatum_var_lanceolatum_13576' />
 <taxon src='Penstemon montanus var idahoensis 13570' dest='Penstemon_montanus_var_idahoensis_13570' />
 <taxon src='Chionophila tweedyi 14008' dest='Chionophila_tweedyi_14008' />
 <taxon src='Unknown 14676' dest='Unknown_14676' />
 <taxon src='Synthyris pinnatifida var cenescens 14028' dest='Synthyris_pinnatifida_var_cenescens_14028' />
 <taxon src='Veronica wormskjoldii 14587' dest='Veronica_wormskjoldii_14587' />
 <taxon src='Gentiana calycosa var obtusiloba 14032' dest='Gentiana_calycosa_var_obtusiloba_14032' />
 <taxon src='Gentiana calycosa 14414' dest='Gentiana_calycosa_14414' />
 <taxon src='Gentiana calycosa 14577' dest='Gentiana_calycosa_14577' />
 <taxon src='Antennaria lanata 14016' dest='Antennaria_lanata_14016' />
 <taxon src='Antennaria alpina 14661' dest='Antennaria_alpina_14661' />
 <taxon src='Antennaria alpina 14684' dest='Antennaria_alpina_14684' />
 <taxon src='Antennaria alpina 14019' dest='Antennaria_alpina_14019' />
 <taxon src='Antennaria umbrinella 13540' dest='Antennaria_umbrinella_13540' />
 <taxon src='Antennaria microphylla 14004' dest='Antennaria_microphylla_14004' />
 <taxon src='Antennaria alpina 14591' dest='Antennaria_alpina_14591' />
 <taxon src='Antennaria umbrinella 14601' dest='Antennaria_umbrinella_14601' />
 <taxon src='Antennaria corymbosa 14418' dest='Antennaria_corymbosa_14418' />
 <taxon src='Antennaria microphylla 14348' dest='Antennaria_microphylla_14348' />
 <taxon src='Antennaria umbrinella 14446' dest='Antennaria_umbrinella_14446' />
 <taxon src='Antennaria alpina 14258' dest='Antennaria_alpina_14258' />
 <taxon src='Antennaria alpina 14311' dest='Antennaria_alpina_14311' />
 <taxon src='Senecio fremontii 14005' dest='Senecio_fremontii_14005' />
 <taxon src='Erigeron evermannii 13578' dest='Erigeron_evermannii_13578' />
 <taxon src='Unknown 14667' dest='Unknown_14667' />
 <taxon src='Erigeron evermannii 14340' dest='Erigeron_evermannii_14340' />
 <taxon src='Erigeron compositus 14623' dest='Erigeron_compositus_14623' />
 <taxon src='Erigeron compositus 14700' dest='Erigeron_compositus_14700' />
 <taxon src='Erigeron compositus 14009' dest='Erigeron_compositus_14009' />
 <taxon src='Eriogonum ovalifolium 14327' dest='Eriogonum_ovalifolium_14327' />
 <taxon src='Erigeron grandiflorus 14012' dest='Erigeron_grandiflorus_14012' />
 <taxon src='Erigeron grandiflorus 14310' dest='Erigeron_grandiflorus_14310' />
 <taxon src='Erigeron lonchophyllus 14612' dest='Erigeron_lonchophyllus_14612' />
 <taxon src='Erigeron compositus 14355' dest='Erigeron_compositus_14355' />
 <taxon src='Solidago multiradiata 14124' dest='Solidago_multiradiata_14124' />
 <taxon src='Solidago multiradiata 14653' dest='Solidago_multiradiata_14653' />
 <taxon src='Stenotus acaulis 14278' dest='Stenotus_acaulis_14278' />
 <taxon src='Stenotus acaulis 14704' dest='Stenotus_acaulis_14704' />
 <taxon src='Tonestus lyallii 14622' dest='Tonestus_lyallii_14622' />
 <taxon src='Tonestus lyallii 14362' dest='Tonestus_lyallii_14362' />
 <taxon src='Stenotus acaulis 14666' dest='Stenotus_acaulis_14666' />
 <taxon src='Haplopappus suffruticosus 14657' dest='Haplopappus_suffruticosus_14657' />
 <taxon src='Haplopappus macronema 14626' dest='Haplopappus_macronema_14626' />
 <taxon src='Aster foliaceus var apricus 14583' dest='Aster_foliaceus_var_apricus_14583' />
 <taxon src='Aster foliaceus var apricus 14648' dest='Aster_foliaceus_var_apricus_14648' />
 <taxon src='Aster occidentalis var occidentalis 14420' dest='Aster_occidentalis_var_occidentalis_14420' />
 <taxon src='Solidago multiradiata 14419' dest='Solidago_multiradiata_14419' />
 <taxon src='Achillea millefolium var alpicola 14619' dest='Achillea_millefolium_var_alpicola_14619' />
 <taxon src='Achillea millefolium var alpicola 14665' dest='Achillea_millefolium_var_alpicola_14665' />
 <taxon src='Arnica latifolia var gracilis 13577' dest='Arnica_latifolia_var_gracilis_13577' />
 <taxon src='Arnica latifolia 14599' dest='Arnica_latifolia_14599' />
 <taxon src='Arnica latifolia 14361' dest='Arnica_latifolia_14361' />
 <taxon src='Arnica chamissonis 14582' dest='Arnica_chamissonis_14582' />
 <taxon src='Arnica chamissonis 14416' dest='Arnica_chamissonis_14416' />
 <taxon src='Arnica parryi 14240' dest='Arnica_parryi_14240' />
 <taxon src='Arnica latifolia var gracilis 14128' dest='Arnica_latifolia_var_gracilis_14128' />
 <taxon src='Hulsea algida 13575' dest='Hulsea_algida_13575' />
 <taxon src='Hulsea algida 13545' dest='Hulsea_algida_13545' />
 <taxon src='Hulsea algida 14627' dest='Hulsea_algida_14627' />
 <taxon src='Hulsea algida 14459' dest='Hulsea_algida_14459' />
 <taxon src='Hulsea algida 14321' dest='Hulsea_algida_14321' />
 <taxon src='Hulsea algida 14276' dest='Hulsea_algida_14276' />
 <taxon src='Chaenactis alpina 13579' dest='Chaenactis_alpina_13579' />
 <taxon src='Chaenactis alpina 14337' dest='Chaenactis_alpina_14337' />
 <taxon src='Chaenactis alpina 13553' dest='Chaenactis_alpina_13553' />
 <taxon src='Hieracium triste 14017' dest='Hieracium_triste_14017' />
 <taxon src='Senecio werneriifolius 14672' dest='Senecio_werneriifolius_14672' />
 <taxon src='Polemonium viscosum 13554' dest='Polemonium_viscosum_13554' />
 <taxon src='Polemonium viscosum 14633' dest='Polemonium_viscosum_14633' />
 <taxon src='Polemonium viscosum 14271' dest='Polemonium_viscosum_14271' />
 <taxon src='Polemonium viscosum 14353' dest='Polemonium_viscosum_14353' />
 <taxon src='Collomia debilis 14336' dest='Collomia_debilis_14336' />
 <taxon src='Collomia debilis 14680' dest='Collomia_debilis_14680' />
 <taxon src='Phlox pulvinata 14020' dest='Phlox_pulvinata_14020' />
 <taxon src='Phlox pulvinata 14669' dest='Phlox_pulvinata_14669' />
 <taxon src='Minuartia cf obtusiloba 14686' dest='Minuartia_cf_obtusiloba_14686' />
 <taxon src='Minuartia cf obtusiloba 14606' dest='Minuartia_cf_obtusiloba_14606' />
 <taxon src='Phlox cf pulvinata 14461' dest='Phlox_cf_pulvinata_14461' />
 <taxon src='Phlox cf diffusa 14624' dest='Phlox_cf_diffusa_14624' />
 <taxon src='Epilobium alpinum var clavatum 14123' dest='Epilobium_alpinum_var_clavatum_14123' />
 <taxon src='Epilobium alpinum 14339' dest='Epilobium_alpinum_14339' />
 <taxon src='Epilobium obcordatum 14130' dest='Epilobium_obcordatum_14130' />
 <taxon src='Aster alpinus 14609' dest='Aster_alpinus_14609' />
 <taxon src='Bupleurum americanum 13560' dest='Bupleurum_americanum_13560' />
 <taxon src='Lomatium sp  14134' dest='Lomatium_sp__14134' />
 <taxon src='Lomatium idahoensis 14246' dest='Lomatium_idahoensis_14246' />
 <taxon src='Lomatium sp 14236' dest='Lomatium_sp_14236' />
 <taxon src='Eriogonum pyrolaefolium var coryphaeum  14126' dest='Eriogonum_pyrolaefolium_var_coryphaeum__14126' />
 <taxon src='Ribes lacustre 14436' dest='Ribes_lacustre_14436' />
 <taxon src='Ribes lacustre 14618' dest='Ribes_lacustre_14618' />
 <taxon src='Saxifraga bronchialis  14006' dest='Saxifraga_bronchialis__14006' />
 <taxon src='Heuchera parvifolia var dissecta 14625' dest='Heuchera_parvifolia_var_dissecta_14625' />
 <taxon src='Arabis microphylla 14011' dest='Arabis_microphylla_14011' />
 <taxon src='Arabis cf lemonii 14668' dest='Arabis_cf_lemonii_14668' />
 <taxon src='Arabis cf lemonii  13546' dest='Arabis_cf_lemonii__13546' />
 <taxon src='Unknown 14706' dest='Unknown_14706' />
 <taxon src='Arabis cf lemonii 14630' dest='Arabis_cf_lemonii_14630' />
 <taxon src='Arabis cf lemmonii 14345' dest='Arabis_cf_lemmonii_14345' />
 <taxon src='Arabis cf lemmonii 14266' dest='Arabis_cf_lemmonii_14266' />
 <taxon src='Smelowskia calycina 13550' dest='Smelowskia_calycina_13550' />
 <taxon src='Smelowskia calycina 14693' dest='Smelowskia_calycina_14693' />
 <taxon src='Smelowskia calycina 14465' dest='Smelowskia_calycina_14465' />
 <taxon src='Smelowskia calycina 14617' dest='Smelowskia_calycina_14617' />
 <taxon src='Draba cf crassifolia 13569' dest='Draba_cf_crassifolia_13569' />
 <taxon src='Draba oligosperma 14604' dest='Draba_oligosperma_14604' />
 <taxon src='Draba lonchocarpa 14694' dest='Draba_lonchocarpa_14694' />
 <taxon src='Draba lonchocarpa 14690' dest='Draba_lonchocarpa_14690' />
 <taxon src='Draba lonchocarpa 14629' dest='Draba_lonchocarpa_14629' />
 <taxon src='Draba oligosperma 14688' dest='Draba_oligosperma_14688' />
 <taxon src='Draba lonchocarpa 14610' dest='Draba_lonchocarpa_14610' />
 <taxon src='Draba cf densifolia 14605' dest='Draba_cf_densifolia_14605' />
 <taxon src='Draba cf densifolia 14241' dest='Draba_cf_densifolia_14241' />
 <taxon src='Draba lonchocarpa 14455' dest='Draba_lonchocarpa_14455' />
 <taxon src='Eritrichium nanum 14713' dest='Eritrichium_nanum_14713' />
 <taxon src='Eritrichium nanum 14711' dest='Eritrichium_nanum_14711' />
 <taxon src='Eritrichium nanum 14712' dest='Eritrichium_nanum_14712' />
 <taxon src='Saxifraga oppositifolia 14708' dest='Saxifraga_oppositifolia_14708' />
 <taxon src='Astragalus alpinus 14427' dest='Astragalus_alpinus_14427' />
 <taxon src='Astragalus cf eucosmus 14598' dest='Astragalus_cf_eucosmus_14598' />
 <taxon src='Oxytropis cf deflexa 14691' dest='Oxytropis_cf_deflexa_14691' />
 <taxon src='Oxytropis parryi 14695' dest='Oxytropis_parryi_14695' />
 <taxon src='Astragalus kentrophyta 14620' dest='Astragalus_kentrophyta_14620' />
 <taxon src='Astragalus kentrophyta 14701' dest='Astragalus_kentrophyta_14701' />
 <taxon src='Astragalus kentrophyta 14456' dest='Astragalus_kentrophyta_14456' />
 <taxon src='Lupinus argenteus var depressus 14647' dest='Lupinus_argenteus_var_depressus_14647' />
 <taxon src='Poa 13551' dest='Poa_13551' />
 <taxon src='Poa 14132' dest='Poa_14132' />
 <taxon src='Unknown 14674' dest='Unknown_14674' />
 <taxon src='Unknown 14643' dest='Unknown_14643' />
 <taxon src='Poa 14007' dest='Poa_14007' />
 <taxon src='Unknown 14462' dest='Unknown_14462' />
 <taxon src='Unknown 14281' dest='Unknown_14281' />
 <taxon src='unknown 14357' dest='unknown_14357' />
 <taxon src='Unknown 14662' dest='Unknown_14662' />
 <taxon src='Unknown 14636' dest='Unknown_14636' />
 <taxon src='Unknown 14358' dest='Unknown_14358' />
 <taxon src='Festuca sp 14318' dest='Festuca_sp_14318' />
 <taxon src='Unknown 14692' dest='Unknown_14692' />
 <taxon src='Unknown 14313' dest='Unknown_14313' />
 <taxon src='Stipa 13552' dest='Stipa_13552' />
 <taxon src='Unknown 14639' dest='Unknown_14639' />
 <taxon src='Unknown 14673' dest='Unknown_14673' />
 <taxon src='Parnassia fimbriata 14370' dest='Parnassia_fimbriata_14370' />
 <taxon src='Viola cf adunca 14576' dest='Viola_cf_adunca_14576' />
 <taxon src='Carex 14018' dest='Carex_14018' />
 <taxon src='Carex cf straminiformis 14468' dest='Carex_cf_straminiformis_14468' />
 <taxon src='Juncus 14003' dest='Juncus_14003' />
 <taxon src='Juncus 13547' dest='Juncus_13547' />
 <taxon src='Juncus 13572' dest='Juncus_13572' />
 <taxon src='Juncus sp 14440' dest='Juncus_sp_14440' />
 <taxon src='Juncus sp 14637' dest='Juncus_sp_14637' />
 <taxon src='Heuchera parvifolia var dissecta 14320' dest='Heuchera_parvifolia_var_dissecta_14320' />
 <taxon src='Heuchera parvifolia var dissecta 14250' dest='Heuchera_parvifolia_var_dissecta_14250' />
 <taxon src='Heuchera parvifolia var dissecta 14216' dest='Heuchera_parvifolia_var_dissecta_14216' />
 <taxon src='Heuchera parvifolia var dissecta 14346' dest='Heuchera_parvifolia_var_dissecta_14346' />
 <taxon src='Heuchera parvifolia var dissecta 14449' dest='Heuchera_parvifolia_var_dissecta_14449' />
 <taxon src='Ribes lacustre 14259' dest='Ribes_lacustre_14259' />
 <taxon src='Ribes lacustre 14002' dest='Ribes_lacustre_14002' />
 <taxon src='Saxifraga mertensiana 14570' dest='Saxifraga_mertensiana_14570' />
 <taxon src='Saxifraga mertensiana 14424' dest='Saxifraga_mertensiana_14424' />
 <taxon src='Potentillabrevifolia 14328' dest='Potentillabrevifolia_14328' />
 <taxon src='Potentilla glaucophylla var glaucophylla 14572' dest='Potentilla_glaucophylla_var_glaucophylla_14572' />
 <taxon src='Potentilla glandulosa 14255' dest='Potentilla_glandulosa_14255' />
 <taxon src='Potentilla glandulosa 14634' dest='Potentilla_glandulosa_14634' />
 <taxon src='Ivesia gordonii 14347' dest='Ivesia_gordonii_14347' />
 <taxon src='Ivesia gordonii 14613' dest='Ivesia_gordonii_14613' />
 <taxon src='Ivesia gordonii 14024' dest='Ivesia_gordonii_14024' />
 <taxon src='Sibbaldia procumbens 14323' dest='Sibbaldia_procumbens_14323' />
 <taxon src='Sibbaldia procumbens 14256' dest='Sibbaldia_procumbens_14256' />
 <taxon src='Sibbaldia procumbens 14227' dest='Sibbaldia_procumbens_14227' />
 <taxon src='Potentilla glandulosa 14314' dest='Potentilla_glandulosa_14314' />
 <taxon src='Potentilla glandulosa var glandulosa 14230' dest='Potentilla_glandulosa_var_glandulosa_14230' />
 <taxon src='Dasiphora fruticosa 14415' dest='Dasiphora_fruticosa_14415' />
 <taxon src='Salix arctica 14578' dest='Salix_arctica_14578' />
 <taxon src='Salix arctica 14421' dest='Salix_arctica_14421' />
 <taxon src='Salix nivalis 14660' dest='Salix_nivalis_14660' />
 <taxon src='Castilleja cusickii 14296' dest='Castilleja_cusickii_14296' />
 <taxon src='Castilleja applegatei 14644' dest='Castilleja_applegatei_14644' />
 <taxon src='Castilleja miniata 14586' dest='Castilleja_miniata_14586' />
 <taxon src='Gentiana calycosa 14645' dest='Gentiana_calycosa_14645' />
 <taxon src='Castilleja rhexiifolia 14406' dest='Castilleja_rhexiifolia_14406' />
 <taxon src='Castilleja cusickii 14368' dest='Castilleja_cusickii_14368' />
 <taxon src='Castilleja miniata 14369' dest='Castilleja_miniata_14369' />
 <taxon src='Castilleja cusickii 14238' dest='Castilleja_cusickii_14238' />
 <taxon src='Castilleja miniata 14289' dest='Castilleja_miniata_14289' />
 <taxon src='Castilleja miniata 14332' dest='Castilleja_miniata_14332' />
 <taxon src='Castilleja cusickii 14331' dest='Castilleja_cusickii_14331' />
 <taxon src='Pedicularis groenlandica 14410' dest='Pedicularis_groenlandica_14410' />
 <taxon src='Pedicularis groenlandica 14596' dest='Pedicularis_groenlandica_14596' />
 <taxon src='Erythranthe tilingii 14413' dest='Erythranthe_tilingii_14413' />
 <taxon src='Erythranthe tilingii 14574' dest='Erythranthe_tilingii_14574' />
 <taxon src='Penstemon montanus var idahoensis 14234' dest='Penstemon_montanus_var_idahoensis_14234' />
 <taxon src='Penstemon montanus var idahoensis 14279' dest='Penstemon_montanus_var_idahoensis_14279' />
 <taxon src='Unknown 14447' dest='Unknown_14447' />
 <taxon src='Chionophila tweedyi 14294' dest='Chionophila_tweedyi_14294' />
 <taxon src='Chionophila tweedyi 14013' dest='Chionophila_tweedyi_14013' />
 <taxon src='Phacelia hastata 14245' dest='Phacelia_hastata_14245' />
 <taxon src='Antennaria alpina 14322' dest='Antennaria_alpina_14322' />
 <taxon src='Antennaria rosea 14273' dest='Antennaria_rosea_14273' />
 <taxon src='Antennaria umbrinella 14223' dest='Antennaria_umbrinella_14223' />
 <taxon src='Antennaria lanata 14312' dest='Antennaria_lanata_14312' />
 <taxon src='Antennaria umbrinella 14460' dest='Antennaria_umbrinella_14460' />
 <taxon src='Antennaria alpina 14360' dest='Antennaria_alpina_14360' />
 <taxon src='Arnica mollis 14453' dest='Arnica_mollis_14453' />
 <taxon src='Arnica latifolia 14316' dest='Arnica_latifolia_14316' />
 <taxon src='Arnica latifolia 14303' dest='Arnica_latifolia_14303' />
 <taxon src='Chaenactis alpina 14297' dest='Chaenactis_alpina_14297' />
 <taxon src='Chaenactis alpina 14433' dest='Chaenactis_alpina_14433' />
 <taxon src='Chaenactis alpina 14283' dest='Chaenactis_alpina_14283' />
 <taxon src='Hulsea algida 14222' dest='Hulsea_algida_14222' />
 <taxon src='Hulsea algida 14365' dest='Hulsea_algida_14365' />
 <taxon src='Cirsium scariosum 14435' dest='Cirsium_scariosum_14435' />
 <taxon src='Cirsium subniveum 14288' dest='Cirsium_subniveum_14288' />
 <taxon src='Crepis nana 14699' dest='Crepis_nana_14699' />
 <taxon src='Hieracium triste 14299' dest='Hieracium_triste_14299' />
 <taxon src='Taraxacum lyratum 14443' dest='Taraxacum_lyratum_14443' />
 <taxon src='Taraxacum lyratum 14615' dest='Taraxacum_lyratum_14615' />
 <taxon src='Senecio werneriifolius 14338' dest='Senecio_werneriifolius_14338' />
 <taxon src='Senecio werneriifolius 14277' dest='Senecio_werneriifolius_14277' />
 <taxon src='Unknown 14579' dest='Unknown_14579' />
 <taxon src='Senecio werneriifolius 14685' dest='Senecio_werneriifolius_14685' />
 <taxon src='Packera subnuda 14580' dest='Packera_subnuda_14580' />
 <taxon src='Senecio werneriifolius 14671' dest='Senecio_werneriifolius_14671' />
 <taxon src='Senecio werneriifolius 14243' dest='Senecio_werneriifolius_14243' />
 <taxon src='Senecio fremontii 14707' dest='Senecio_fremontii_14707' />
 <taxon src='Senecio fremontii 14275' dest='Senecio_fremontii_14275' />
 <taxon src='Senecio fremontii 14466' dest='Senecio_fremontii_14466' />
 <taxon src='Senecio fremontii 14334' dest='Senecio_fremontii_14334' />
 <taxon src='Tonestus lyallii 14308' dest='Tonestus_lyallii_14308' />
 <taxon src='Haplopappus macronema 14342' dest='Haplopappus_macronema_14342' />
 <taxon src='Ericameria discoidea 14315' dest='Ericameria_discoidea_14315' />
 <taxon src='Haplopappus macronema 14274' dest='Haplopappus_macronema_14274' />
 <taxon src='Aster foliaceus var apricus 14430' dest='Aster_foliaceus_var_apricus_14430' />
 <taxon src='Solidago multiradiata 14595' dest='Solidago_multiradiata_14595' />
 <taxon src='Erigeron compositus 14248' dest='Erigeron_compositus_14248' />
 <taxon src='Erigeron compositus 14307' dest='Erigeron_compositus_14307' />
 <taxon src='Erigeron compositus 14452' dest='Erigeron_compositus_14452' />
 <taxon src='Erigeron compositus 13537' dest='Erigeron_compositus_13537' />
 <taxon src='Erigeron grandiflorus 14600' dest='Erigeron_grandiflorus_14600' />
 <taxon src='Erigeron asperugineus 14247' dest='Erigeron_asperugineus_14247' />
 <taxon src='Erigeron evermannii 14224' dest='Erigeron_evermannii_14224' />
 <taxon src='Erigeron evermannii 14363' dest='Erigeron_evermannii_14363' />
 <taxon src='Achillea millefolium var alpicola 14287' dest='Achillea_millefolium_var_alpicola_14287' />
 <taxon src='Achillea millefolium var alpicola 14431' dest='Achillea_millefolium_var_alpicola_14431' />
 <taxon src='Achillea millefolium var alpicola 14136' dest='Achillea_millefolium_var_alpicola_14136' />
 <taxon src='Artemisia dracunculus 14284' dest='Artemisia_dracunculus_14284' />
 <taxon src='Lomatium sp 14134' dest='Lomatium_sp_14134' />
 <taxon src='Bupleurum americanum 14364' dest='Bupleurum_americanum_14364' />
 <taxon src='Phyllodoce empetriformis 14597' dest='Phyllodoce_empetriformis_14597' />
 <taxon src='Phyllodoce empetriformis 14359' dest='Phyllodoce_empetriformis_14359' />
 <taxon src='Phyllodoce empetriformis 14412' dest='Phyllodoce_empetriformis_14412' />
 <taxon src='Phyllodoce glanduliflora 14581' dest='Phyllodoce_glanduliflora_14581' />
 <taxon src='Phyllodoce glanduliflora 14290' dest='Phyllodoce_glanduliflora_14290' />
 <taxon src='Polemonium viscosum 14698' dest='Polemonium_viscosum_14698' />
 <taxon src='Polemonium viscosum 14467' dest='Polemonium_viscosum_14467' />
 <taxon src='Phlox pulvinata 14215' dest='Phlox_pulvinata_14215' />
 <taxon src='Phlox cf pulvinata 14254' dest='Phlox_cf_pulvinata_14254' />
 <taxon src='Oxytropis cf deflexa 14678' dest='Oxytropis_cf_deflexa_14678' />
 <taxon src='Lupinus argenteus var depressus 14408' dest='Lupinus_argenteus_var_depressus_14408' />
 <taxon src='Androsace septentrionalis 14464' dest='Androsace_septentrionalis_14464' />
 <taxon src='Androsace septentrionalis 14689' dest='Androsace_septentrionalis_14689' />
 <taxon src='Epilobium alpinum 14301' dest='Epilobium_alpinum_14301' />
 <taxon src='Epilobium alpinum 14675' dest='Epilobium_alpinum_14675' />
 <taxon src='Epilobium alpinum 14252' dest='Epilobium_alpinum_14252' />
 <taxon src='Epilobium alpinum 14409' dest='Epilobium_alpinum_14409' />
 <taxon src='Ranunculus eschscholtzii 14239' dest='Ranunculus_eschscholtzii_14239' />
 <taxon src='Claytonia megarhiza 14448' dest='Claytonia_megarhiza_14448' />
 <taxon src='Claytonia megarhiza 14614' dest='Claytonia_megarhiza_14614' />
 <taxon src='Claytonia megarhiza 14341' dest='Claytonia_megarhiza_14341' />
 <taxon src='Claytonia megarhiza 14267' dest='Claytonia_megarhiza_14267' />
 <taxon src='Claytonia megarhiza 14293' dest='Claytonia_megarhiza_14293' />
 <taxon src='Claytonia megarhiza var bellidifolia 14034' dest='Claytonia_megarhiza_var_bellidifolia_14034' />
 <taxon src='Lewisia pygmaea var pygmara 14010' dest='Lewisia_pygmaea_var_pygmara_14010' />
 <taxon src='Lewisia pygmaea var pygmara 14592' dest='Lewisia_pygmaea_var_pygmara_14592' />
 <taxon src='Cistanthe umbellata 14434' dest='Cistanthe_umbellata_14434' />
 <taxon src='Eremogone congesta 14589' dest='Eremogone_congesta_14589' />
 <taxon src='Cerastium beeringianum 14687' dest='Cerastium_beeringianum_14687' />
 <taxon src='Minuartia obtusiloba 14304' dest='Minuartia_obtusiloba_14304' />
 <taxon src='Minuartia obtusiloba 14621' dest='Minuartia_obtusiloba_14621' />
 <taxon src='Minuartia obtusiloba 14249' dest='Minuartia_obtusiloba_14249' />
 <taxon src='Minuartia obtusiloba 14608' dest='Minuartia_obtusiloba_14608' />
 <taxon src='Eriogonum ovalifolium var depressum 14649' dest='Eriogonum_ovalifolium_var_depressum_14649' />
 <taxon src='Eriogonum ovalifolium 14344' dest='Eriogonum_ovalifolium_14344' />
 <taxon src='Eriogonum ovalifolium var depressum 14702' dest='Eriogonum_ovalifolium_var_depressum_14702' />
 <taxon src='Eriogonum ovalifolium var purpureum 14133' dest='Eriogonum_ovalifolium_var_purpureum_14133' />
 <taxon src='Eriogonum ovalifolium var depressum 14602' dest='Eriogonum_ovalifolium_var_depressum_14602' />
 <taxon src='Eriogonum ovalifolium var depressum 13564' dest='Eriogonum_ovalifolium_var_depressum_13564' />
 <taxon src='Eriogonum ovalifolium var depressum 14450' dest='Eriogonum_ovalifolium_var_depressum_14450' />
 <taxon src='Eriogonum ovalifolium 14244' dest='Eriogonum_ovalifolium_14244' />
 <taxon src='Eriogonum ovalifolium 14366' dest='Eriogonum_ovalifolium_14366' />
 <taxon src='Eriogonum ovalifolium 14349' dest='Eriogonum_ovalifolium_14349' />
 <taxon src='Eriogonum pyrolaefolium var coryphaeum 14126' dest='Eriogonum_pyrolaefolium_var_coryphaeum_14126' />
 <taxon src='Eriogonum pyrolaefolium var coryphaeum 13567' dest='Eriogonum_pyrolaefolium_var_coryphaeum_13567' />
 <taxon src='Eriogonum flavum var piperi 14650' dest='Eriogonum_flavum_var_piperi_14650' />
 <taxon src='Eriogonum flavum var piperi 14654' dest='Eriogonum_flavum_var_piperi_14654' />
 <taxon src='Eriogonum crosbyae 14350' dest='Eriogonum_crosbyae_14350' />
 <taxon src='Eriogonum crosbyae 14607' dest='Eriogonum_crosbyae_14607' />
 <taxon src='Eriogonum crosbyae 14681' dest='Eriogonum_crosbyae_14681' />
 <taxon src='Eriogonum crosbyae 14242' dest='Eriogonum_crosbyae_14242' />
 <taxon src='Bistorta bistortoides 14417' dest='Bistorta_bistortoides_14417' />
 <taxon src='Bistorta bistortoides 14432' dest='Bistorta_bistortoides_14432' />
 <taxon src='Aconogonon phytolaccaefolium 14229' dest='Aconogonon_phytolaccaefolium_14229' />
 <taxon src='Draba cf oreibata 14404' dest='Draba_cf_oreibata_14404' />
 <taxon src='Draba oreibata 14335' dest='Draba_oreibata_14335' />
 <taxon src='Draba oreibata 14217' dest='Draba_oreibata_14217' />
 <taxon src='Smelowskia calycina 14352' dest='Smelowskia_calycina_14352' />
 <taxon src='Smelowskia calycina 14469' dest='Smelowskia_calycina_14469' />
 <taxon src='Erysimum asperum 14302' dest='Erysimum_asperum_14302' />
 <taxon src='Erysimum asperum 14235' dest='Erysimum_asperum_14235' />
 <taxon src='Arabis sp 14683' dest='Arabis_sp_14683' />
 <taxon src='Arabis cf lemonii 13546' dest='Arabis_cf_lemonii_13546' />
 <taxon src='Arabis microphylla 14306' dest='Arabis_microphylla_14306' />
 <taxon src='Arabis sp 14454' dest='Arabis_sp_14454' />
 <taxon src='Draba cf crassifolia 14218' dest='Draba_cf_crassifolia_14218' />
 <taxon src='Saxifraga bronchialis 14006' dest='Saxifraga_bronchialis_14006' />
 <taxon src='Oxyria digyna 14329' dest='Oxyria_digyna_14329' />
 <taxon src='Oxyria digyna 14445' dest='Oxyria_digyna_14445' />
 <taxon src='Aquilegia flavescens 14428' dest='Aquilegia_flavescens_14428' />
 <taxon src='Sedum debile 14272' dest='Sedum_debile_14272' />
 <taxon src='Sedum lanceolatum var lanceolatum 14611' dest='Sedum_lanceolatum_var_lanceolatum_14611' />
 <taxon src='Sedum lanceolatum var lanceolatum 14137' dest='Sedum_lanceolatum_var_lanceolatum_14137' />
 <taxon src='Oxyria digyna 14631' dest='Oxyria_digyna_14631' />
 <taxon src='Carex sp 14026' dest='Carex_sp_14026' />
 <taxon src='Carex cf straminiformis 14635' dest='Carex_cf_straminiformis_14635' />
 <taxon src='Juncus sp 13572' dest='Juncus_sp_13572' />
 <taxon src='Juncus sp 14658' dest='Juncus_sp_14658' />
 <taxon src='Luzula sp 14025' dest='Luzula_sp_14025' />
 <taxon src='Unknown 14594' dest='Unknown_14594' />
 <taxon src='Poa sp 14132' dest='Poa_sp_14132' />
 <taxon src='Unknown 14251' dest='Unknown_14251' />
 <taxon src='Picea engelmannii 13571' dest='Picea_engelmannii_13571' />
 <taxon src='Cerastium beeringianum 14632' dest='Cerastium_beeringianum_14632' />
 <taxon src='Carex sp 14226' dest='Carex_sp_14226' />
 <taxon src='Carex sp 13563' dest='Carex_sp_13563' />
 <taxon src='Carex sp 13548' dest='Carex_sp_13548' />
 <taxon src='Carex elynoides 14603' dest='Carex_elynoides_14603' />
 <taxon src='Carex sp 13549' dest='Carex_sp_13549' />
 <taxon src='Carex sp 14018' dest='Carex_sp_14018' />
 <taxon src='Carex sp 14458' dest='Carex_sp_14458' />
 <taxon src='Carex microptera 14638' dest='Carex_microptera_14638' />
 <taxon src='Juncus sp 14003' dest='Juncus_sp_14003' />
 <taxon src='Luzula sp 14269' dest='Luzula_sp_14269' />
 <taxon src='Luzula sp 14295' dest='Luzula_sp_14295' />
 <taxon src='Juncus sp 14263' dest='Juncus_sp_14263' />
 <taxon src='Luzula sp 14129' dest='Luzula_sp_14129' />
 <taxon src='Luzula sp 14228' dest='Luzula_sp_14228' />
 <taxon src='Abies lasiocarpa 14232' dest='Abies_lasiocarpa_14232' />
 <taxon src='Pinus albicaulis 14030' dest='Pinus_albicaulis_14030' />
 <taxon src='Claytonia megarhiza var bellidifolia 14001' dest='Claytonia_megarhiza_var_bellidifolia_14001' />
 <taxon src='Oxyria digyna 14257' dest='Oxyria_digyna_14257' />
 <taxon src='Oxyria digyna 14343' dest='Oxyria_digyna_14343' />
 <taxon src='Oxyria digyna 14125' dest='Oxyria_digyna_14125' />
 <taxon src='Polygonum viviparum 14573' dest='Polygonum_viviparum_14573' />
 <taxon src='Eriogonum ovalifolium var depressum 13542' dest='Eriogonum_ovalifolium_var_depressum_13542' />
 <taxon src='Eriogonum ovalifolium 14280' dest='Eriogonum_ovalifolium_14280' />
 <taxon src='Draba cf lonchocarpa 14268' dest='Draba_cf_lonchocarpa_14268' />
 <taxon src='Poa sp 13568' dest='Poa_sp_13568' />
 <taxon src='Poa sp 14007' dest='Poa_sp_14007' />
 <taxon src='Unknown 14367' dest='Unknown_14367' />
 <taxon src='Unknown 14282' dest='Unknown_14282' />
 <taxon src='Unknown 14423' dest='Unknown_14423' />
 <taxon src='Unknown 14411' dest='Unknown_14411' />
 <taxon src='Poa sp 14138' dest='Poa_sp_14138' />
 <taxon src='Unknown 14317' dest='Unknown_14317' />
 <taxon src='Unknown 14652' dest='Unknown_14652' />
 <taxon src='Unknown 14463' dest='Unknown_14463' />
 <taxon src='Unknown 14261' dest='Unknown_14261' />
 <taxon src='Unknown 14319' dest='Unknown_14319' />
 <taxon src='Hordium sp 14225' dest='Hordium_sp_14225' />
 <taxon src='Unknown 14356' dest='Unknown_14356' />
 <taxon src='Poa sp 13566' dest='Poa_sp_13566' />
 <taxon src='Festuca sp 14262' dest='Festuca_sp_14262' />
 <taxon src='Unknown 14640' dest='Unknown_14640' />
 <taxon src='Unknown 14407' dest='Unknown_14407' />
 <taxon src='Unknown 14585' dest='Unknown_14585' />
 <taxon src='Luzula sp .14269' dest='Luzula_sp_142691' />
 <taxon src='Juncus sp 14325' dest='Juncus_sp_14325' />
 <taxon src='Eriogonum ovalifolium var depressum 13543' dest='Eriogonum_ovalifolium_var_depressum_13543' />
 <taxon src='Sedum lanceolatum var lanceolatum 13539' dest='Sedum_lanceolatum_var_lanceolatum_13539' />
 <taxon src='Sedum lanceolatum var lanceolatum 14300' dest='Sedum_lanceolatum_var_lanceolatum_14300' />
 <taxon src='Sedum lanceolatum var lanceolatum 14444' dest='Sedum_lanceolatum_var_lanceolatum_14444' />
 <taxon src='Sedum lanceolatum var lanceolatum 14655' dest='Sedum_lanceolatum_var_lanceolatum_14655' />
 <taxon src='Lupinus argenteus var depressus 14286' dest='Lupinus_argenteus_var_depressus_14286' />
 <taxon src='Cerastium beeringianum 14451' dest='Cerastium_beeringianum_14451' />
 <taxon src='Cerastium arvense 14575' dest='Cerastium_arvense_14575' />
 <taxon src='Minuartia nuttallii 14697' dest='Minuartia_nuttallii_14697' />
 <taxon src='Oxyria digyna 14696' dest='Oxyria_digyna_14696' />
 <taxon src='Draba oligosperma 14703' dest='Draba_oligosperma_14703' />
 <taxon src='Eriogonum crosbyae 13541' dest='Eriogonum_crosbyae_13541' />
 <taxon src='Bistorta bistortoides 14584' dest='Bistorta_bistortoides_14584' />
 <taxon src='Sedum debile 14656' dest='Sedum_debile_14656' />
 <taxon src='Juncus sp 14590' dest='Juncus_sp_14590' />
 <taxon src='Unknown 14642' dest='Unknown_14642' />
 <taxon src='Stipa sp 13552' dest='Stipa_sp_13552' />
 <taxon src='Unknown 14677' dest='Unknown_14677' />
 <taxon src='Poa sp 13551' dest='Poa_sp_13551' />
 <taxon src='Unknown 14641' dest='Unknown_14641' />
 <taxon src='Unknown 14439' dest='Unknown_14439' />
 <taxon src='Juniperus communis 14285' dest='Juniperus_communis_14285' />
 <taxon src='Juniperus communis 14233' dest='Juniperus_communis_14233' />
 <taxon src='Juniperus communis 14031' dest='Juniperus_communis_14031' />
 <taxon src='Juniperus communis 14330' dest='Juniperus_communis_14330' />
 <taxon src='Pinus albicaulis 13573' dest='Pinus_albicaulis_13573' />
 <taxon src='Pinus albicaulis 14231' dest='Pinus_albicaulis_14231' />
 <taxon src='Abies lasiocarpa 14351' dest='Abies_lasiocarpa_14351' />
 <taxon src='Abies lasiocarpa 14029' dest='Abies_lasiocarpa_14029' />
 <taxon src='Castelleja applegatei var viscida 13556' dest='Castelleja_applegatei_var_viscida_13556' />
 <taxon src='Castelleja applegatei var viscida 13558' dest='Castelleja_applegatei_var_viscida_13558' />
 <taxon src='Castelleja applegatei var viscida 13557' dest='Castelleja_applegatei_var_viscida_13557' />
 <taxon src='Oxyria digyna 13580' dest='Oxyria_digyna_13580' />
 <taxon src='Poa 13568' dest='Poa_13568' />
 <taxon src='Poa 13566' dest='Poa_13566' />
 <taxon src='Luzula 14129' dest='Luzula_14129' />
 <taxon src='Carex 13549' dest='Carex_13549' />
 <taxon src='Carex 14026' dest='Carex_14026' />
 <taxon src='Carex 13563' dest='Carex_13563' />
 <taxon src='Carex 13548' dest='Carex_13548' />
</taxa>
